{"_timestamp":1.7413072118496594e+09,"train/global_step":58,"_wandb":{"runtime":16277},"train/loss":0.0008,"train/epoch":0.9893390191897654,"train/rewards/format_reward":0,"train_samples_per_second":0.462,"train/completion_length":675.4308344523112,"train/grad_norm":0.14971110224723816,"train/kl":0.0215606689453125,"train/rewards/reflection_reward":0.4488244255383809,"completions":{"sha256":"c6b0d3ed446f43142806d28097d297b591fbbb2bb5834102e2a76cb6b7d2c656","size":306615,"artifact_path":"wandb-client-artifact://j5wsh9rebyqn3wm48us44nwo9hip8til554qjvy095pm9r3xrjkoeqfdui2wv9yrzqj2i3nvs5zcks5gigilp9ysl59v6scug270vgjwycjoaixudsv1kuaqx2gbb8i7/completions.table.json","_latest_artifact_path":"wandb-client-artifact://malhwzvxbc79ugqeeg4tozx9meus4r3xfgjujm2irogegxzw1nsb3fewpc2nomifirm2kicuj7at37ci4c3ji0huvby7xuclkpcduae248m7bz0vu903qtcj1ijptttx:latest/completions.table.json","path":"media/table/completions_107_c6b0d3ed446f43142806.table.json","ncols":4,"nrows":112,"_type":"table-file"},"train/rewards/accuracy_reward":0.7198661044239998,"total_flos":0,"train/reward":1.1686905423800151,"_step":108,"train_runtime":16245.8764,"train_steps_per_second":0.004,"_runtime":16244.954771577,"train/learning_rate":2.4570139579284723e-08,"train/reward_std":0.2428747738401095,"train_loss":0.0008207272359259895}