{"train/loss":0.5161,"_timestamp":1.7410289184860966e+09,"train/global_step":1071,"train/epoch":1,"train/learning_rate":5.000107351969537e-06,"_runtime":8102.945364276,"train_steps_per_second":0.132,"train_runtime":8103.9262,"_wandb":{"runtime":8104},"total_flos":4.88165445992448e+14,"train_samples_per_second":16.91,"_step":214,"train_loss":0.5415200612235581,"train/grad_norm":0.11095261645090466}