{"train_loss":0.41045818130731804,"_wandb":{"runtime":30094},"train_samples_per_second":4.555,"total_flos":1.122953022406656e+15,"train/grad_norm":0.17671727710497,"_step":194,"_runtime":30085.051196045,"train/learning_rate":5.000107351969537e-06,"train/global_step":1071,"train_runtime":30085.9043,"train/epoch":1,"train_steps_per_second":0.036,"_timestamp":1.7411437290367463e+09,"train/loss":0.4344}