{"_timestamp":1.741096492650171e+09,"train/global_step":5,"train/reward":0.09570312959840521,"completions":{"nrows":112,"_type":"table-file","sha256":"fdfbd8fb3296b174ebbf26282b8787590f39e692a4ec2b6ce3ca79d3cd3e6c05","size":425678,"artifact_path":"wandb-client-artifact://frcpbtopppbvn8161hjf3uc6i33glp5ghjzsyi5a89d8rrxf9kxo8tb0uo1naj5ipgtg0mvc5gevrbhzq06howjxkrrl1tb1c7qnl0f1ji6to3krrnb6sjtee7da8jtn/completions.table.json","_latest_artifact_path":"wandb-client-artifact://a2nbbyt2o7szsegs05wtbtclbe4dqfoolpbjq1nbbmepcw1q9x68eci7fw290s5z8ba9xnpaslfx6yre19sfb300x2k3yl438t7rczdrbh4nz4w2boww7ahdn8dei5md:latest/completions.table.json","path":"media/table/completions_16_fdfbd8fb3296b174ebbf.table.json","ncols":4},"train/grad_norm":0.035885103046894073,"_runtime":818.966836203,"train/rewards/accuracy_reward":0.09570312959840521,"train/completion_length":1024,"train/kl":6.227195262908936e-05,"train/epoch":0.08528784648187633,"train/loss":0,"_wandb":{"runtime":836},"train/rewards/format_reward":0,"train/rewards/reflection_reward":0,"train/reward_std":0.14916479808744043,"_step":16,"train/learning_rate":2.5e-06}