{"eval/rewards/accuracy_reward":0.22618097866686007,"train/reward":0.7241741319497427,"train_runtime":19750.3961,"_runtime":30731.621283502,"train_loss":0.0011946958517010204,"_timestamp":1.7412259976748796e+09,"train/completion_length":1024,"eval/steps_per_second":0.004,"train/rewards/reflection_reward":0.5128645946582159,"train/kl":0.011995951334635416,"train/learning_rate":2.4570139579284723e-08,"_wandb":{"runtime":30731},"eval/loss":0.0004609088646247983,"train/rewards/accuracy_reward":0.21130953480799994,"eval/samples_per_second":0.456,"_step":109,"eval/rewards/reflection_reward":0.5148394263019196,"eval/reward_std":0.24979712552251146,"completions":{"_latest_artifact_path":"wandb-client-artifact://qlj48429rfiej1s43sg1ffli1ikmiyypzbhpzy9ql78ir1izih7rd2mh1qj3nz7qy59nzizzvsgxa21874rp1z6x5jyyb3op6885itpj843hgws6gg17fqqd9l4t1w0b:latest/completions.table.json","path":"media/table/completions_107_a2964b5437a54859cd17.table.json","ncols":4,"nrows":112,"_type":"table-file","sha256":"a2964b5437a54859cd17d94755abdab6d21676a47ac858f352b0017e03a97921","size":438558,"artifact_path":"wandb-client-artifact://9rczqoyexd8vgg1q2zm6j1tizemd69oy8lwe7fd4whiqsv9ys1mxzemleezxqm3qrlpe66jqsw109frffklya2zitbnmp7lsqk07mu22s8giy9yedb5a59y24wf4hksj/completions.table.json"},"train/rewards/format_reward":0,"eval/rewards/format_reward":0,"eval/runtime":10974.3297,"train/global_step":58,"eval/reward":0.7410203883061394,"train/grad_norm":0.08298638463020325,"total_flos":0,"eval/kl":0.012136051068290734,"train_steps_per_second":0.003,"train_samples_per_second":0.38,"train/epoch":0.9893390191897654,"eval/completion_length":1023.9948085017097,"train/reward_std":0.2433195480455955,"train/loss":0.0005}