{"completions":{"nrows":112,"_type":"table-file","sha256":"2cc4a3d52c0c098e328a91de899a3d407e268f0e0867f9cd3434e613cc940c60","size":477582,"artifact_path":"wandb-client-artifact://tgg1stnuuafquopv7kvyhxabkq2c7azadsbbyo14irtviyi76c9hwsw9h92j0lmu67mzjtb0z17bb4f5wxbho2ip039ks185j2hqp95u71v1w8anwgunf9uglxy51d04/completions.table.json","_latest_artifact_path":"wandb-client-artifact://3xk7ve39b0j1gjw2j5ri6kumx1lhxm145oqidlksbmb3ji2df1qg8w2zbihdczrg8uxdgccytezg13lwwifm50b8pm7r8vnt5f00jv82l5egc1xlpwe5h6yw751ix0v3:latest/completions.table.json","path":"media/table/completions_17_2cc4a3d52c0c098e328a.table.json","ncols":4},"_wandb":{"runtime":871},"train/epoch":0.006827103601297149,"train/completion_length":1024,"train/learning_rate":2.0270270270270273e-07,"_runtime":848.845661237,"train/reward_std":0.011191425030119717,"_step":17,"train/rewards/reflection_reward":0,"train/loss":0,"train/grad_norm":0.014151191338896751,"train/global_step":5,"train/reward":0.05468750174622983,"train/rewards/format_reward":0,"_timestamp":1.741093904504652e+09,"train/kl":4.382431507110596e-05,"train/rewards/accuracy_reward":0.05468750174622983}