{"train/global_step":58,"train/completion_length":649.3147608439127,"train/grad_norm":0.06919294595718384,"train/reward_std":0.32015726156532764,"completions":{"_latest_artifact_path":"wandb-client-artifact://ty84bh00kbvecigfkjgujpxzt9juvs5diimvrxl6nzrvnxs7w4fe0tvpnil8sfxxqlxpwpkqs2ogbejeinrrdrhjkhcyncsrgu2scsiilu052i1jj76g0wknd67uu5ny:latest/completions.table.json","path":"media/table/completions_107_e54196be0a5a1a06fbe7.table.json","ncols":4,"nrows":112,"_type":"table-file","sha256":"e54196be0a5a1a06fbe75b02dd3a08db037b0d1e7c3eb73b728835307e84b171","size":290204,"artifact_path":"wandb-client-artifact://80rqeixbybinsb88dmye352he1wpb7qxzsaidbugc7o0g36ecaxnd22p6ty89vcr9j8hbe5vqn48jmnv4i95ke1vx27ujrix5bkndvvv8id28vtz3fzjawawbxiza690/completions.table.json"},"train_runtime":7670.5133,"total_flos":0,"train_samples_per_second":0.978,"train/kl":0.005171457926432292,"train/learning_rate":2.4570139579284723e-08,"train/rewards/accuracy_reward":0.624628002444903,"_runtime":7666.062658518,"train/loss":0.0002,"train/rewards/format_reward":0,"_timestamp":1.741273686825472e+09,"train/epoch":0.9893390191897654,"train/reward":0.90985124061505,"train_steps_per_second":0.008,"_step":108,"train_loss":-0.00026673821627982937,"train/rewards/reflection_reward":0.2852232288569212,"_wandb":{"runtime":7681}}